cbsa_code,bls_msa_name,metro_name_norm
10180,"Abilene, TX",abilene tx
10380,"Aguadilla, PR",aguadilla pr
10420,"Akron, OH",akron oh
10500,"Albany, GA",albany ga
10540,"Albany, OR",albany or
10580,"Albany-Schenectady-Troy, NY",albany schenectady troy ny
10740,"Albuquerque, NM",albuquerque nm
10780,"Alexandria, LA",alexandria la
10900,"Allentown-Bethlehem-Easton, PA-NJ",allentown bethlehem easton pa nj
11020,"Altoona, PA",altoona pa
11100,"Amarillo, TX",amarillo tx
11180,"Ames, IA",ames ia
11200,"Amherst Town-Northampton, MA",amherst town northampton ma
11260,"Anchorage, AK",anchorage ak
11460,"Ann Arbor, MI",ann arbor mi
11500,"Anniston-Oxford, AL",anniston oxford al
11540,"Appleton, WI",appleton wi
11640,"Arecibo, PR",arecibo pr
11700,"Asheville, NC",asheville nc
12020,"Athens-Clarke County, GA",athens clarke county ga
12060,"Atlanta-Sandy Springs-Roswell, GA",atlanta sandy springs roswell ga
12100,"Atlantic City-Hammonton, NJ",atlantic city hammonton nj
12220,"Auburn-Opelika, AL",auburn opelika al
12260,"Augusta-Richmond County, GA-SC",augusta richmond county ga sc
12420,"Austin-Round Rock-San Marcos, TX",austin round rock san marcos tx
12540,"Bakersfield-Delano, CA",bakersfield delano ca
12580,"Baltimore-Columbia-Towson, MD",baltimore columbia towson md
12620,"Bangor, ME",bangor me
12700,"Barnstable Town, MA",barnstable town ma
12940,"Baton Rouge, LA",baton rouge la
12980,"Battle Creek, MI",battle creek mi
13020,"Bay City, MI",bay city mi
13140,"Beaumont-Port Arthur, TX",beaumont port arthur tx
13220,"Beckley, WV",beckley wv
13380,"Bellingham, WA",bellingham wa
13460,"Bend, OR",bend or
13740,"Billings, MT",billings mt
13780,"Binghamton, NY",binghamton ny
13820,"Birmingham, AL",birmingham al
13900,"Bismarck, ND",bismarck nd
13980,"Blacksburg-Christiansburg-Radford, VA",blacksburg christiansburg radford va
14010,"Bloomington, IL",bloomington il
14020,"Bloomington, IN",bloomington in
14260,"Boise City, ID",boise city id
14460,"Boston-Cambridge-Newton, MA-NH",boston cambridge newton ma nh
14500,"Boulder, CO",boulder co
14540,"Bowling Green, KY",bowling green ky
14580,"Bozeman, MT",bozeman mt
14740,"Bremerton-Silverdale-Port Orchard, WA",bremerton silverdale port orchard wa
14860,"Bridgeport-Stamford-Danbury, CT",bridgeport stamford danbury ct
15180,"Brownsville-Harlingen, TX",brownsville harlingen tx
15260,"Brunswick-St. Simons, GA",brunswick st simons ga
15380,"Buffalo-Cheektowaga, NY",buffalo cheektowaga ny
15500,"Burlington, NC",burlington nc
15540,"Burlington-South Burlington, VT",burlington south burlington vt
15940,"Canton-Massillon, OH",canton massillon oh
15980,"Cape Coral-Fort Myers, FL",cape coral fort myers fl
16020,"Cape Girardeau, MO-IL",cape girardeau mo il
16180,"Carson City, NV",carson city nv
16220,"Casper, WY",casper wy
16300,"Cedar Rapids, IA",cedar rapids ia
16540,"Chambersburg, PA",chambersburg pa
16580,"Champaign-Urbana, IL",champaign urbana il
16620,"Charleston, WV",charleston wv
16700,"Charleston-North Charleston, SC",charleston north charleston sc
16740,"Charlotte-Concord-Gastonia, NC-SC",charlotte concord gastonia nc sc
16820,"Charlottesville, VA",charlottesville va
16860,"Chattanooga, TN-GA",chattanooga tn ga
16940,"Cheyenne, WY",cheyenne wy
16980,"Chicago-Naperville-Elgin, IL-IN",chicago naperville elgin il in
17020,"Chico, CA",chico ca
17140,"Cincinnati, OH-KY-IN",cincinnati oh ky in
17300,"Clarksville, TN-KY",clarksville tn ky
17410,"Cleveland, OH",cleveland oh
17420,"Cleveland, TN",cleveland tn
17660,"Coeur d'Alene, ID",coeur d alene id
17780,"College Station-Bryan, TX",college station bryan tx
17820,"Colorado Springs, CO",colorado springs co
17860,"Columbia, MO",columbia mo
17900,"Columbia, SC",columbia sc
17980,"Columbus, GA-AL",columbus ga al
18020,"Columbus, IN",columbus in
18140,"Columbus, OH",columbus oh
18580,"Corpus Christi, TX",corpus christi tx
18700,"Corvallis, OR",corvallis or
18880,"Crestview-Fort Walton Beach-Destin, FL",crestview fort walton beach destin fl
19100,"Dallas-Fort Worth-Arlington, TX",dallas fort worth arlington tx
19140,"Dalton, GA",dalton ga
19300,"Daphne-Fairhope-Foley, AL",daphne fairhope foley al
19340,"Davenport-Moline-Rock Island, IA-IL",davenport moline rock island ia il
19430,"Dayton-Kettering-Beavercreek, OH",dayton kettering beavercreek oh
19460,"Decatur, AL",decatur al
19500,"Decatur, IL",decatur il
19660,"Deltona-Daytona Beach-Ormond Beach, FL",deltona daytona beach ormond beach fl
19740,"Denver-Aurora-Centennial, CO",denver aurora centennial co
19780,"Des Moines-West Des Moines, IA",des moines west des moines ia
19820,"Detroit-Warren-Dearborn, MI",detroit warren dearborn mi
20020,"Dothan, AL",dothan al
20100,"Dover, DE",dover de
20220,"Dubuque, IA",dubuque ia
20260,"Duluth, MN-WI",duluth mn wi
20500,"Durham-Chapel Hill, NC",durham chapel hill nc
20580,"Eagle Pass, TX",eagle pass tx
20740,"Eau Claire, WI",eau claire wi
20940,"El Centro, CA",el centro ca
21060,"Elizabethtown, KY",elizabethtown ky
21140,"Elkhart-Goshen, IN",elkhart goshen in
21300,"Elmira, NY",elmira ny
21340,"El Paso, TX",el paso tx
21420,"Enid, OK",enid ok
21500,"Erie, PA",erie pa
21660,"Eugene-Springfield, OR",eugene springfield or
21780,"Evansville, IN",evansville in
21820,"Fairbanks-College, AK",fairbanks college ak
22020,"Fargo, ND-MN",fargo nd mn
22140,"Farmington, NM",farmington nm
22180,"Fayetteville, NC",fayetteville nc
22220,"Fayetteville-Springdale-Rogers, AR",fayetteville springdale rogers ar
22380,"Flagstaff, AZ",flagstaff az
22420,"Flint, MI",flint mi
22500,"Florence, SC",florence sc
22520,"Florence-Muscle Shoals, AL",florence muscle shoals al
22540,"Fond du Lac, WI",fond du lac wi
22660,"Fort Collins-Loveland, CO",fort collins loveland co
22900,"Fort Smith, AR-OK",fort smith ar ok
23060,"Fort Wayne, IN",fort wayne in
23420,"Fresno, CA",fresno ca
23460,"Gadsden, AL",gadsden al
23540,"Gainesville, FL",gainesville fl
23580,"Gainesville, GA",gainesville ga
23900,"Gettysburg, PA",gettysburg pa
24020,"Glens Falls, NY",glens falls ny
24140,"Goldsboro, NC",goldsboro nc
24220,"Grand Forks, ND-MN",grand forks nd mn
24260,"Grand Island, NE",grand island ne
24300,"Grand Junction, CO",grand junction co
24340,"Grand Rapids-Wyoming-Kentwood, MI",grand rapids wyoming kentwood mi
24420,"Grants Pass, OR",grants pass or
24500,"Great Falls, MT",great falls mt
24540,"Greeley, CO",greeley co
24580,"Green Bay, WI",green bay wi
24660,"Greensboro-High Point, NC",greensboro high point nc
24780,"Greenville, NC",greenville nc
24860,"Greenville-Anderson-Greer, SC",greenville anderson greer sc
25020,"Guayama, PR",guayama pr
25060,"Gulfport-Biloxi, MS",gulfport biloxi ms
25180,"Hagerstown-Martinsburg, MD-WV",hagerstown martinsburg md wv
25220,"Hammond, LA",hammond la
25260,"Hanford-Corcoran, CA",hanford corcoran ca
25420,"Harrisburg-Carlisle, PA",harrisburg carlisle pa
25500,"Harrisonburg, VA",harrisonburg va
25540,"Hartford-West Hartford-East Hartford, CT",hartford west hartford east hartford ct
25620,"Hattiesburg, MS",hattiesburg ms
25740,"Helena, MT",helena mt
25860,"Hickory-Lenoir-Morganton, NC",hickory lenoir morganton nc
25940,"Hilton Head Island-Bluffton-Port Royal, SC",hilton head island bluffton port royal sc
25980,"Hinesville, GA",hinesville ga
26140,"Homosassa Springs, FL",homosassa springs fl
26300,"Hot Springs, AR",hot springs ar
26380,"Houma-Bayou Cane-Thibodaux, LA",houma bayou cane thibodaux la
26420,"Houston-Pasadena-The Woodlands, TX",houston pasadena woodlands tx
26580,"Huntington-Ashland, WV-KY-OH",huntington ashland wv ky oh
26620,"Huntsville, AL",huntsville al
26820,"Idaho Falls, ID",idaho falls id
26900,"Indianapolis-Carmel-Greenwood, IN",indianapolis carmel greenwood in
26980,"Iowa City, IA",iowa city ia
27060,"Ithaca, NY",ithaca ny
27100,"Jackson, MI",jackson mi
27140,"Jackson, MS",jackson ms
27180,"Jackson, TN",jackson tn
27260,"Jacksonville, FL",jacksonville fl
27340,"Jacksonville, NC",jacksonville nc
27500,"Janesville-Beloit, WI",janesville beloit wi
27620,"Jefferson City, MO",jefferson city mo
27740,"Johnson City, TN",johnson city tn
27780,"Johnstown, PA",johnstown pa
27860,"Jonesboro, AR",jonesboro ar
27900,"Joplin, MO-KS",joplin mo ks
27980,"Kahului-Wailuku, HI",kahului wailuku hi
28020,"Kalamazoo-Portage, MI",kalamazoo portage mi
28100,"Kankakee, IL",kankakee il
28140,"Kansas City, MO-KS",kansas city mo ks
28420,"Kennewick-Richland, WA",kennewick richland wa
28450,"Kenosha, WI",kenosha wi
28660,"Killeen-Temple, TX",killeen temple tx
28700,"Kingsport-Bristol, TN-VA",kingsport bristol tn va
28740,"Kingston, NY",kingston ny
28880,"Kiryas Joel-Poughkeepsie-Newburgh, NY",kiryas joel poughkeepsie newburgh ny
28940,"Knoxville, TN",knoxville tn
29020,"Kokomo, IN",kokomo in
29100,"La Crosse-Onalaska, WI-MN",la crosse onalaska wi mn
29180,"Lafayette, LA",lafayette la
29200,"Lafayette-West Lafayette, IN",lafayette west lafayette in
29340,"Lake Charles, LA",lake charles la
29420,"Lake Havasu City-Kingman, AZ",lake havasu city kingman az
29460,"Lakeland-Winter Haven, FL",lakeland winter haven fl
29540,"Lancaster, PA",lancaster pa
29620,"Lansing-East Lansing, MI",lansing east lansing mi
29700,"Laredo, TX",laredo tx
29740,"Las Cruces, NM",las cruces nm
29820,"Las Vegas-Henderson-North Las Vegas, NV",las vegas henderson north las vegas nv
29940,"Lawrence, KS",lawrence ks
30020,"Lawton, OK",lawton ok
30140,"Lebanon, PA",lebanon pa
30300,"Lewiston, ID-WA",lewiston id wa
30340,"Lewiston-Auburn, ME",lewiston auburn me
30460,"Lexington-Fayette, KY",lexington fayette ky
30500,"Lexington Park, MD",lexington park md
30620,"Lima, OH",lima oh
30700,"Lincoln, NE",lincoln ne
30780,"Little Rock-North Little Rock-Conway, AR",little rock north little rock conway ar
30860,"Logan, UT-ID",logan ut id
30980,"Longview, TX",longview tx
31020,"Longview-Kelso, WA",longview kelso wa
31080,"Los Angeles-Long Beach-Anaheim, CA",los angeles long beach anaheim ca
31140,"Louisville/Jefferson County, KY-IN",louisville jefferson county ky in
31180,"Lubbock, TX",lubbock tx
31340,"Lynchburg, VA",lynchburg va
31420,"Macon-Bibb County, GA",macon bibb county ga
31540,"Madison, WI",madison wi
31700,"Manchester-Nashua, NH",manchester nashua nh
31740,"Manhattan, KS",manhattan ks
31860,"Mankato, MN",mankato mn
31900,"Mansfield, OH",mansfield oh
32420,"Mayaguez, PR",mayag uez pr
32580,"McAllen-Edinburg-Mission, TX",mcallen edinburg mission tx
32780,"Medford, OR",medford or
32820,"Memphis, TN-MS-AR",memphis tn ms ar
32900,"Merced, CA",merced ca
33100,"Miami-Fort Lauderdale-West Palm Beach, FL",miami fort lauderdale west palm beach fl
33140,"Michigan City-La Porte, IN",michigan city la porte in
33220,"Midland, MI",midland mi
33260,"Midland, TX",midland tx
33340,"Milwaukee-Waukesha, WI",milwaukee waukesha wi
33460,"Minneapolis-St. Paul-Bloomington, MN-WI",minneapolis st paul bloomington mn wi
33500,"Minot, ND",minot nd
33540,"Missoula, MT",missoula mt
33660,"Mobile, AL",mobile al
33700,"Modesto, CA",modesto ca
33740,"Monroe, LA",monroe la
33780,"Monroe, MI",monroe mi
33860,"Montgomery, AL",montgomery al
34060,"Morgantown, WV",morgantown wv
34100,"Morristown, TN",morristown tn
34580,"Mount Vernon-Anacortes, WA",mount vernon anacortes wa
34620,"Muncie, IN",muncie in
34740,"Muskegon-Norton Shores, MI",muskegon norton shores mi
34820,"Myrtle Beach-Conway-North Myrtle Beach, SC",myrtle beach conway north myrtle beach sc
34900,"Napa, CA",napa ca
34940,"Naples-Marco Island, FL",naples marco island fl
34980,"Nashville-Davidson--Murfreesboro--Franklin, TN",nashville davidson murfreesboro franklin tn
35300,"New Haven, CT",new haven ct
35380,"New Orleans-Metairie, LA",new orleans metairie la
35620,"New York-Newark-Jersey City, NY-NJ",new york newark jersey city ny nj
35660,"Niles, MI",niles mi
35840,"North Port-Bradenton-Sarasota, FL",north port bradenton sarasota fl
35980,"Norwich-New London-Willimantic, CT",norwich new london willimantic ct
36100,"Ocala, FL",ocala fl
36220,"Odessa, TX",odessa tx
36260,"Ogden, UT",ogden ut
36420,"Oklahoma City, OK",oklahoma city ok
36500,"Olympia-Lacey-Tumwater, WA",olympia lacey tumwater wa
36540,"Omaha, NE-IA",omaha ne ia
36740,"Orlando-Kissimmee-Sanford, FL",orlando kissimmee sanford fl
36780,"Oshkosh-Neenah, WI",oshkosh neenah wi
36980,"Owensboro, KY",owensboro ky
37100,"Oxnard-Thousand Oaks-Ventura, CA",oxnard thousand oaks ventura ca
37140,"Paducah, KY-IL",paducah ky il
37340,"Palm Bay-Melbourne-Titusville, FL",palm bay melbourne titusville fl
37460,"Panama City-Panama City Beach, FL",panama city panama city beach fl
37620,"Parkersburg-Vienna, WV",parkersburg vienna wv
37860,"Pensacola-Ferry Pass-Brent, FL",pensacola ferry pass brent fl
37900,"Peoria, IL",peoria il
37980,"Philadelphia-Camden-Wilmington, PA-NJ-DE-MD",philadelphia camden wilmington pa nj de md
38060,"Phoenix-Mesa-Chandler, AZ",phoenix mesa chandler az
38240,"Pinehurst-Southern Pines, NC",pinehurst southern pines nc
38300,"Pittsburgh, PA",pittsburgh pa
38340,"Pittsfield, MA",pittsfield ma
38540,"Pocatello, ID",pocatello id
38660,"Ponce, PR",ponce pr
38860,"Portland-South Portland, ME",portland south portland me
38900,"Portland-Vancouver-Hillsboro, OR-WA",portland vancouver hillsboro or wa
38940,"Port St. Lucie, FL",port st lucie fl
39150,"Prescott Valley-Prescott, AZ",prescott valley prescott az
39300,"Providence-Warwick, RI-MA",providence warwick ri ma
39340,"Provo-Orem-Lehi, UT",provo orem lehi ut
39380,"Pueblo, CO",pueblo co
39460,"Punta Gorda, FL",punta gorda fl
39540,"Racine-Mount Pleasant, WI",racine mount pleasant wi
39580,"Raleigh-Cary, NC",raleigh cary nc
39660,"Rapid City, SD",rapid city sd
39740,"Reading, PA",reading pa
39820,"Redding, CA",redding ca
39900,"Reno, NV",reno nv
40060,"Richmond, VA",richmond va
40140,"Riverside-San Bernardino-Ontario, CA",riverside san bernardino ontario ca
40220,"Roanoke, VA",roanoke va
40340,"Rochester, MN",rochester mn
40380,"Rochester, NY",rochester ny
40420,"Rockford, IL",rockford il
40580,"Rocky Mount, NC",rocky mount nc
40660,"Rome, GA",rome ga
40900,"Sacramento-Roseville-Folsom, CA",sacramento roseville folsom ca
40980,"Saginaw, MI",saginaw mi
41060,"St. Cloud, MN",st cloud mn
41100,"St. George, UT",st george ut
41140,"St. Joseph, MO-KS",st joseph mo ks
41180,"St. Louis, MO-IL",st louis mo il
41420,"Salem, OR",salem or
41500,"Salinas, CA",salinas ca
41540,"Salisbury, MD",salisbury md
41620,"Salt Lake City-Murray, UT",salt lake city murray ut
41660,"San Angelo, TX",san angelo tx
41700,"San Antonio-New Braunfels, TX",san antonio new braunfels tx
41740,"San Diego-Chula Vista-Carlsbad, CA",san diego chula vista carlsbad ca
41780,"Sandusky, OH",sandusky oh
41860,"San Francisco-Oakland-Fremont, CA",san francisco oakland fremont ca
41940,"San Jose-Sunnyvale-Santa Clara, CA",san jose sunnyvale santa clara ca
41980,"San Juan-Bayamon-Caguas, PR",san juan bayamon caguas pr
42020,"San Luis Obispo-Paso Robles, CA",san luis obispo paso robles ca
42100,"Santa Cruz-Watsonville, CA",santa cruz watsonville ca
42140,"Santa Fe, NM",santa fe nm
42200,"Santa Maria-Santa Barbara, CA",santa maria santa barbara ca
42220,"Santa Rosa-Petaluma, CA",santa rosa petaluma ca
42340,"Savannah, GA",savannah ga
42540,"Scranton--Wilkes-Barre, PA",scranton wilkes barre pa
42660,"Seattle-Tacoma-Bellevue, WA",seattle tacoma bellevue wa
42680,"Sebastian-Vero Beach-West Vero Corridor, FL",sebastian vero beach west vero corridor fl
42700,"Sebring, FL",sebring fl
43100,"Sheboygan, WI",sheboygan wi
43300,"Sherman-Denison, TX",sherman denison tx
43340,"Shreveport-Bossier City, LA",shreveport bossier city la
43420,"Sierra Vista-Douglas, AZ",sierra vista douglas az
43580,"Sioux City, IA-NE-SD",sioux city ia ne sd
43620,"Sioux Falls, SD-MN",sioux falls sd mn
43640,"Slidell-Mandeville-Covington, LA",slidell mandeville covington la
43780,"South Bend-Mishawaka, IN-MI",south bend mishawaka in mi
43900,"Spartanburg, SC",spartanburg sc
44060,"Spokane-Spokane Valley, WA",spokane spokane valley wa
44100,"Springfield, IL",springfield il
44140,"Springfield, MA",springfield ma
44180,"Springfield, MO",springfield mo
44220,"Springfield, OH",springfield oh
44300,"State College, PA",state college pa
44420,"Staunton-Stuarts Draft, VA",staunton stuarts draft va
44700,"Stockton-Lodi, CA",stockton lodi ca
44940,"Sumter, SC",sumter sc
45060,"Syracuse, NY",syracuse ny
45220,"Tallahassee, FL",tallahassee fl
45300,"Tampa-St. Petersburg-Clearwater, FL",tampa st petersburg clearwater fl
45460,"Terre Haute, IN",terre haute in
45500,"Texarkana, TX-AR",texarkana tx ar
45780,"Toledo, OH",toledo oh
45820,"Topeka, KS",topeka ks
45900,"Traverse City, MI",traverse city mi
45940,"Trenton-Princeton, NJ",trenton princeton nj
46060,"Tucson, AZ",tucson az
46140,"Tulsa, OK",tulsa ok
46220,"Tuscaloosa, AL",tuscaloosa al
46300,"Twin Falls, ID",twin falls id
46340,"Tyler, TX",tyler tx
46520,"Urban Honolulu, HI",urban honolulu hi
46540,"Utica-Rome, NY",utica rome ny
46660,"Valdosta, GA",valdosta ga
46700,"Vallejo, CA",vallejo ca
47020,"Victoria, TX",victoria tx
47220,"Vineland, NJ",vineland nj
47260,"Virginia Beach-Chesapeake-Norfolk, VA-NC",virginia beach chesapeake norfolk va nc
47300,"Visalia, CA",visalia ca
47380,"Waco, TX",waco tx
47460,"Walla Walla, WA",walla walla wa
47580,"Warner Robins, GA",warner robins ga
47900,"Washington-Arlington-Alexandria, DC-VA-MD-WV",washington arlington alexandria dc va md wv
47930,"Waterbury-Shelton, CT",waterbury shelton ct
47940,"Waterloo-Cedar Falls, IA",waterloo cedar falls ia
48060,"Watertown-Fort Drum, NY",watertown fort drum ny
48140,"Wausau, WI",wausau wi
48260,"Weirton-Steubenville, WV-OH",weirton steubenville wv oh
48300,"Wenatchee-East Wenatchee, WA",wenatchee east wenatchee wa
48540,"Wheeling, WV-OH",wheeling wv oh
48620,"Wichita, KS",wichita ks
48660,"Wichita Falls, TX",wichita falls tx
48680,"Wildwood-The Villages, FL",wildwood villages fl
48700,"Williamsport, PA",williamsport pa
48900,"Wilmington, NC",wilmington nc
49020,"Winchester, VA-WV",winchester va wv
49180,"Winston-Salem, NC",winston salem nc
49340,"Worcester, MA",worcester ma
49420,"Yakima, WA",yakima wa
49620,"York-Hanover, PA",york hanover pa
49660,"Youngstown-Warren, OH",youngstown warren oh
49700,"Yuba City, CA",yuba city ca
49740,"Yuma, AZ",yuma az
